{
  "batch_results": [
    {
      "batch_size": 1,
      "throughput": 1.905,
      "latency_ms": 524.9,
      "std_dev": 1.75,
      "speedup": 1.0,
      "runs": [
        68.85342621803284,
        64.76096820831299,
        65.95502924919128,
        67.95134019851685,
        68.40711116790771
      ]
    },
    {
      "batch_size": 8,
      "throughput": 2.68,
      "latency_ms": 373.1,
      "std_dev": 3.956,
      "speedup": 1.41,
      "runs": [
        45.919047355651855,
        41.835121154785156,
        48.742300271987915,
        51.4350004196167,
        50.86194467544556
      ]
    },
    {
      "batch_size": 16,
      "throughput": 4.987,
      "latency_ms": 200.5,
      "std_dev": 6.375,
      "speedup": 2.62,
      "runs": [
        28.35465407371521,
        21.820488214492798,
        21.203706741333008,
        21.24067783355713,
        35.717939138412476
      ]
    },
    {
      "batch_size": 32,
      "throughput": 18.388,
      "latency_ms": 54.4,
      "std_dev": 7.184,
      "speedup": 9.65,
      "runs": [
        1.6355574131011963,
        2.3061611652374268,
        14.625577211380005,
        1.2263057231903076,
        15.01115083694458
      ]
    }
  ],
  "hardware": "NVIDIA A100-40GB",
  "latex": "",
  "timestamp": "2026-02-02T02:51:01.362275"
}