{
  "batch_results": [
    {
      "batch_size": 1,
      "throughput": 0.466,
      "latency_ms": 2148.1,
      "std_dev": 3.713,
      "speedup": 1.0,
      "runs": [
        275.8366627693176,
        272.77566599845886,
        279.333069562912,
        276.98716616630554,
        269.82436418533325
      ]
    },
    {
      "batch_size": 8,
      "throughput": 0.564,
      "latency_ms": 1773.6,
      "std_dev": 9.775,
      "speedup": 1.21,
      "runs": [
        212.0329875946045,
        232.37299823760986,
        222.726012468338,
        236.6023132801056,
        231.34176349639893
      ]
    },
    {
      "batch_size": 16,
      "throughput": 0.827,
      "latency_ms": 1208.6,
      "std_dev": 42.195,
      "speedup": 1.78,
      "runs": [
        127.60590767860413,
        132.01621556282043,
        128.6869761943817,
        158.4885277748108,
        226.68642950057983
      ]
    },
    {
      "batch_size": 32,
      "throughput": 2.344,
      "latency_ms": 426.7,
      "std_dev": 52.254,
      "speedup": 5.03,
      "runs": [
        2.186418056488037,
        122.70218563079834,
        80.2844467163086,
        2.140313148498535,
        65.78107357025146
      ]
    }
  ],
  "latex": "",
  "timestamp": "2026-02-10T23:53:36.196755",
  "hardware": "Quadro GV100"
}